data;produto;operacao_comercial;importado/exportado;dispendio/receita
01/01/2012;ETANOL HIDRATADO;IMPORTAÇÃO;86727;261499
01/01/2012;ETANOL HIDRATADO;EXPORTAÇÃO;23240019;17802653
01/01/2012;ETANOL ANIDRO;EXPORTAÇÃO;42469904;38608035
01/01/2012;ETANOL ANIDRO;IMPORTAÇÃO;144002649;99415439
01/02/2012;ETANOL HIDRATADO;IMPORTAÇÃO;19964;51772
01/02/2012;ETANOL ANIDRO;IMPORTAÇÃO;137736381;95486341
01/02/2012;ETANOL HIDRATADO;EXPORTAÇÃO;37702;31865994
01/02/2012;ETANOL ANIDRO;EXPORTAÇÃO;43043;36375709
01/03/2012;ETANOL HIDRATADO;IMPORTAÇÃO;107187;281914
01/03/2012;ETANOL HIDRATADO;EXPORTAÇÃO;32544915;22724331
01/03/2012;ETANOL ANIDRO;EXPORTAÇÃO;41385079;37083572
01/03/2012;ETANOL ANIDRO;IMPORTAÇÃO;48723904;32776201
01/04/2012;ETANOL HIDRATADO;IMPORTAÇÃO;64435;179240
01/04/2012;ETANOL HIDRATADO;EXPORTAÇÃO;26110145;18469051
01/04/2012;ETANOL ANIDRO;EXPORTAÇÃO;38397357;29005781
01/04/2012;ETANOL ANIDRO;IMPORTAÇÃO;104340837;73275765
01/05/2012;ETANOL HIDRATADO;IMPORTAÇÃO;64309;210257
01/05/2012;ETANOL ANIDRO;IMPORTAÇÃO;39343108;26835789
01/05/2012;ETANOL HIDRATADO;EXPORTAÇÃO;40838313;28326925
01/05/2012;ETANOL ANIDRO;EXPORTAÇÃO;108380272;84907064
01/06/2012;ETANOL ANIDRO;IMPORTAÇÃO;7180952;4425082
01/06/2012;ETANOL HIDRATADO;EXPORTAÇÃO;38463751;30486373
01/06/2012;ETANOL ANIDRO;EXPORTAÇÃO;99541339;76203056
01/06/2012;ETANOL HIDRATADO;IMPORTAÇÃO;50;154329
01/07/2012;ETANOL HIDRATADO;IMPORTAÇÃO;21147;47534
01/07/2012;ETANOL ANIDRO;IMPORTAÇÃO;26714969;15469938
01/07/2012;ETANOL HIDRATADO;EXPORTAÇÃO;102502628;69010411
01/07/2012;ETANOL ANIDRO;EXPORTAÇÃO;308233731;235771947
01/08/2012;ETANOL HIDRATADO;IMPORTAÇÃO;70626;167042
01/08/2012;ETANOL ANIDRO;IMPORTAÇÃO;45163306;29035009
01/08/2012;ETANOL HIDRATADO;EXPORTAÇÃO;65235388;45034988
01/08/2012;ETANOL ANIDRO;EXPORTAÇÃO;251088364;179069921
01/09/2012;ETANOL ANIDRO;IMPORTAÇÃO;10885;116075
01/09/2012;ETANOL HIDRATADO;IMPORTAÇÃO;47755;91908
01/09/2012;ETANOL HIDRATADO;EXPORTAÇÃO;187096731;133183809
01/09/2012;ETANOL ANIDRO;EXPORTAÇÃO;265634253;197987630
01/10/2012;ETANOL ANIDRO;IMPORTAÇÃO;4317;51449
01/10/2012;ETANOL HIDRATADO;IMPORTAÇÃO;44689;129953
01/10/2012;ETANOL HIDRATADO;EXPORTAÇÃO;194938064;126395985
01/10/2012;ETANOL ANIDRO;EXPORTAÇÃO;302154379;223821597
01/11/2012;ETANOL ANIDRO;IMPORTAÇÃO;10764;76628
01/11/2012;ETANOL HIDRATADO;IMPORTAÇÃO;48715;175898
01/11/2012;ETANOL HIDRATADO;EXPORTAÇÃO;124139351;76932750
01/11/2012;ETANOL ANIDRO;EXPORTAÇÃO;196117715;139477497
01/12/2012;ETANOL ANIDRO;IMPORTAÇÃO;4562;36158
01/12/2012;ETANOL HIDRATADO;IMPORTAÇÃO;24168;27691
01/12/2012;ETANOL HIDRATADO;EXPORTAÇÃO;213683449;127670809
01/12/2012;ETANOL ANIDRO;EXPORTAÇÃO;249442;163571473
01/01/2013;ETANOL ANIDRO;IMPORTAÇÃO;14504951;9543617
01/01/2013;ETANOL ANIDRO;EXPORTAÇÃO;172721;117491306
01/01/2013;ETANOL HIDRATADO;EXPORTAÇÃO;179411;112792476
01/01/2013;ETANOL HIDRATADO;IMPORTAÇÃO;49;197923
01/02/2013;ETANOL HIDRATADO;IMPORTAÇÃO;70582;280186
01/02/2013;ETANOL ANIDRO;IMPORTAÇÃO;8764979;5755180
01/02/2013;ETANOL HIDRATADO;EXPORTAÇÃO;103192127;62372945
01/02/2013;ETANOL ANIDRO;EXPORTAÇÃO;105296423;74421816
01/03/2013;ETANOL HIDRATADO;IMPORTAÇÃO;98951;336400
01/03/2013;ETANOL HIDRATADO;EXPORTAÇÃO;25823789;16905926
01/03/2013;ETANOL ANIDRO;IMPORTAÇÃO;59564054;39799468
01/03/2013;ETANOL ANIDRO;EXPORTAÇÃO;48088;33884514
01/04/2013;ETANOL HIDRATADO;IMPORTAÇÃO;24743;44494
01/04/2013;ETANOL ANIDRO;IMPORTAÇÃO;14200643;9664990
01/04/2013;ETANOL HIDRATADO;EXPORTAÇÃO;14490489;9352508
01/04/2013;ETANOL ANIDRO;EXPORTAÇÃO;88805513;62525047
01/05/2013;ETANOL ANIDRO;IMPORTAÇÃO;5883;30655
01/05/2013;ETANOL HIDRATADO;IMPORTAÇÃO;24467;46724
01/05/2013;ETANOL ANIDRO;EXPORTAÇÃO;110496327;77517534
01/05/2013;ETANOL HIDRATADO;EXPORTAÇÃO;30663;16418738
01/06/2013;ETANOL HIDRATADO;IMPORTAÇÃO;24592;35349
01/06/2013;ETANOL ANIDRO;IMPORTAÇÃO;15128201;12060811
01/06/2013;ETANOL HIDRATADO;EXPORTAÇÃO;103236547;63202079
01/06/2013;ETANOL ANIDRO;EXPORTAÇÃO;177449;125272415
01/07/2013;ETANOL HIDRATADO;IMPORTAÇÃO;97121;291655
01/07/2013;ETANOL ANIDRO;IMPORTAÇÃO;10099009;8694268
01/07/2013;ETANOL HIDRATADO;EXPORTAÇÃO;90358921;56802975
01/07/2013;ETANOL ANIDRO;EXPORTAÇÃO;263072798;166649965
01/08/2013;ETANOL HIDRATADO;EXPORTAÇÃO;94403433;57459830
01/08/2013;ETANOL ANIDRO;EXPORTAÇÃO;395400674;256873919
01/08/2013;ETANOL HIDRATADO;IMPORTAÇÃO;1;7034
01/08/2013;ETANOL ANIDRO;IMPORTAÇÃO;1;8532
01/09/2013;ETANOL ANIDRO;IMPORTAÇÃO;6103;47651
01/09/2013;ETANOL HIDRATADO;EXPORTAÇÃO;115838513;68594765
01/09/2013;ETANOL ANIDRO;EXPORTAÇÃO;181164007;113662886
01/09/2013;ETANOL HIDRATADO;IMPORTAÇÃO;50;126897
01/10/2013;ETANOL HIDRATADO;IMPORTAÇÃO;2236;20239
01/10/2013;ETANOL HIDRATADO;EXPORTAÇÃO;161414721;95125205
01/10/2013;ETANOL ANIDRO;EXPORTAÇÃO;175591833;109273664
01/10/2013;ETANOL ANIDRO;IMPORTAÇÃO;1;4758
01/11/2013;ETANOL ANIDRO;IMPORTAÇÃO;18505;41306
01/11/2013;ETANOL ANIDRO;EXPORTAÇÃO;61481147;40672512
01/11/2013;ETANOL HIDRATADO;EXPORTAÇÃO;122145833;73170699
01/11/2013;ETANOL HIDRATADO;IMPORTAÇÃO;0;5890
01/12/2013;ETANOL ANIDRO;IMPORTAÇÃO;8971595;4552560
01/12/2013;ETANOL ANIDRO;EXPORTAÇÃO;26419238;16626585
01/12/2013;ETANOL HIDRATADO;EXPORTAÇÃO;69596688;41868958
01/12/2013;ETANOL HIDRATADO;IMPORTAÇÃO;3;32738
01/01/2014;ETANOL HIDRATADO;IMPORTAÇÃO;1248;15768
01/01/2014;ETANOL ANIDRO;IMPORTAÇÃO;37986288;19904285
01/01/2014;ETANOL HIDRATADO;EXPORTAÇÃO;92985931;55983038
01/01/2014;ETANOL ANIDRO;EXPORTAÇÃO;100263282;66770956
01/02/2014;ETANOL ANIDRO;EXPORTAÇÃO;5366635;3766277
01/02/2014;ETANOL HIDRATADO;EXPORTAÇÃO;59806023;36064222
01/02/2014;ETANOL ANIDRO;IMPORTAÇÃO;73678684;37647715
01/02/2014;ETANOL HIDRATADO;IMPORTAÇÃO;1;8715
01/03/2014;ETANOL HIDRATADO;EXPORTAÇÃO;26149936;16605042
01/03/2014;ETANOL ANIDRO;EXPORTAÇÃO;51583407;36095451
01/03/2014;ETANOL ANIDRO;IMPORTAÇÃO;99217171;50001499
01/03/2014;ETANOL HIDRATADO;IMPORTAÇÃO;1;9161
01/04/2014;ETANOL HIDRATADO;IMPORTAÇÃO;24088;47941
01/04/2014;ETANOL HIDRATADO;EXPORTAÇÃO;37560243;23284793
01/04/2014;ETANOL ANIDRO;IMPORTAÇÃO;68479084;36732108
01/04/2014;ETANOL ANIDRO;EXPORTAÇÃO;100760774;72720876
01/05/2014;ETANOL HIDRATADO;IMPORTAÇÃO;72411;217350
01/05/2014;ETANOL HIDRATADO;EXPORTAÇÃO;19795784;12681441
01/05/2014;ETANOL ANIDRO;IMPORTAÇÃO;25690322;13706512
01/05/2014;ETANOL ANIDRO;EXPORTAÇÃO;120949134;85989818
01/06/2014;ETANOL HIDRATADO;IMPORTAÇÃO;2296;20355
01/06/2014;ETANOL ANIDRO;IMPORTAÇÃO;26174131;15162272
01/06/2014;ETANOL HIDRATADO;EXPORTAÇÃO;64522802;39694707
01/06/2014;ETANOL ANIDRO;EXPORTAÇÃO;103501115;71925361
01/07/2014;ETANOL ANIDRO;IMPORTAÇÃO;516298;351606
01/07/2014;ETANOL ANIDRO;EXPORTAÇÃO;41124487;27392376
01/07/2014;ETANOL HIDRATADO;EXPORTAÇÃO;49595918;29956172
01/07/2014;ETANOL HIDRATADO;IMPORTAÇÃO;49;180715
01/08/2014;ETANOL HIDRATADO;IMPORTAÇÃO;25254;49238
01/08/2014;ETANOL ANIDRO;EXPORTAÇÃO;36522714;24071044
01/08/2014;ETANOL HIDRATADO;EXPORTAÇÃO;41999877;25466193
01/08/2014;ETANOL ANIDRO;IMPORTAÇÃO;54875935;30896153
01/09/2014;ETANOL HIDRATADO;IMPORTAÇÃO;70976;197138
01/09/2014;ETANOL ANIDRO;IMPORTAÇÃO;13241765;7965251
01/09/2014;ETANOL HIDRATADO;EXPORTAÇÃO;46301679;29235371
01/09/2014;ETANOL ANIDRO;EXPORTAÇÃO;73144456;49357765
01/10/2014;ETANOL ANIDRO;IMPORTAÇÃO;33362;44347
01/10/2014;ETANOL HIDRATADO;IMPORTAÇÃO;98598;391932
01/10/2014;ETANOL ANIDRO;EXPORTAÇÃO;28122182;17448844
01/10/2014;ETANOL HIDRATADO;EXPORTAÇÃO;72902913;43902556
01/11/2014;ETANOL HIDRATADO;IMPORTAÇÃO;24828;108661
01/11/2014;ETANOL ANIDRO;IMPORTAÇÃO;11948471;6026777
01/11/2014;ETANOL ANIDRO;EXPORTAÇÃO;41051551;23635020
01/11/2014;ETANOL HIDRATADO;EXPORTAÇÃO;50971719;30430082
01/12/2014;ETANOL HIDRATADO;IMPORTAÇÃO;49772;176094
01/12/2014;ETANOL ANIDRO;EXPORTAÇÃO;54494251;30043108
01/12/2014;ETANOL HIDRATADO;EXPORTAÇÃO;78438177;45510434
01/12/2014;ETANOL ANIDRO;IMPORTAÇÃO;39742;21537869
01/01/2015;ETANOL HIDRATADO;IMPORTAÇÃO;24216;60505
01/01/2015;ETANOL HIDRATADO;EXPORTAÇÃO;57560264;31608583
01/01/2015;ETANOL ANIDRO;EXPORTAÇÃO;96960836;56675548
01/01/2015;ETANOL ANIDRO;IMPORTAÇÃO;80764;42868302
01/02/2015;ETANOL HIDRATADO;IMPORTAÇÃO;24878;110317
01/02/2015;ETANOL ANIDRO;EXPORTAÇÃO;39988951;24240286
01/02/2015;ETANOL ANIDRO;IMPORTAÇÃO;67541261;35075951
01/02/2015;ETANOL HIDRATADO;EXPORTAÇÃO;31103;17241545
01/03/2015;ETANOL HIDRATADO;IMPORTAÇÃO;71797;199360
01/03/2015;ETANOL ANIDRO;EXPORTAÇÃO;39032611;23564191
01/03/2015;ETANOL HIDRATADO;EXPORTAÇÃO;71837292;38810865
01/03/2015;ETANOL ANIDRO;IMPORTAÇÃO;92384233;47689517
01/04/2015;ETANOL HIDRATADO;EXPORTAÇÃO;8429754;3913260
01/04/2015;ETANOL ANIDRO;EXPORTAÇÃO;12678351;6584830
01/04/2015;ETANOL ANIDRO;IMPORTAÇÃO;105574079;51859368
01/04/2015;ETANOL HIDRATADO;IMPORTAÇÃO;0;4634
01/05/2015;ETANOL HIDRATADO;IMPORTAÇÃO;26456;118198
01/05/2015;ETANOL HIDRATADO;EXPORTAÇÃO;16760704;9621664
01/05/2015;ETANOL ANIDRO;EXPORTAÇÃO;75134296;36987869
01/05/2015;ETANOL ANIDRO;IMPORTAÇÃO;50263;26141188
01/06/2015;ETANOL HIDRATADO;IMPORTAÇÃO;97896;249688
01/06/2015;ETANOL HIDRATADO;EXPORTAÇÃO;24468809;11308889
01/06/2015;ETANOL ANIDRO;EXPORTAÇÃO;67266268;33260641
01/06/2015;ETANOL ANIDRO;IMPORTAÇÃO;68686401;32470408
01/07/2015;ETANOL HIDRATADO;IMPORTAÇÃO;95971;253268
01/07/2015;ETANOL ANIDRO;IMPORTAÇÃO;1302159;5579315
01/07/2015;ETANOL ANIDRO;EXPORTAÇÃO;73306213;36680296
01/07/2015;ETANOL HIDRATADO;EXPORTAÇÃO;140172215;63301675
01/08/2015;ETANOL HIDRATADO;IMPORTAÇÃO;73264;224742
01/08/2015;ETANOL ANIDRO;IMPORTAÇÃO;13275762;6219563
01/08/2015;ETANOL HIDRATADO;EXPORTAÇÃO;72711237;31369174
01/08/2015;ETANOL ANIDRO;EXPORTAÇÃO;124317327;58690675
01/09/2015;ETANOL ANIDRO;IMPORTAÇÃO;6837;34328
01/09/2015;ETANOL HIDRATADO;IMPORTAÇÃO;25186;33874
01/09/2015;ETANOL HIDRATADO;EXPORTAÇÃO;52264181;22884951
01/09/2015;ETANOL ANIDRO;EXPORTAÇÃO;121637537;54271460
01/10/2015;ETANOL HIDRATADO;IMPORTAÇÃO;48369;84710
01/10/2015;ETANOL ANIDRO;IMPORTAÇÃO;9606223;4712712
01/10/2015;ETANOL HIDRATADO;EXPORTAÇÃO;107861466;44830019
01/10/2015;ETANOL ANIDRO;EXPORTAÇÃO;152142464;66678350
01/11/2015;ETANOL HIDRATADO;IMPORTAÇÃO;24075;96180
01/11/2015;ETANOL ANIDRO;IMPORTAÇÃO;9947851;3815918
01/11/2015;ETANOL HIDRATADO;EXPORTAÇÃO;82277943;34867767
01/11/2015;ETANOL ANIDRO;EXPORTAÇÃO;112595371;47616131
01/12/2015;ETANOL ANIDRO;IMPORTAÇÃO;13016568;6178983
01/12/2015;ETANOL ANIDRO;EXPORTAÇÃO;115548459;53361726
01/12/2015;ETANOL HIDRATADO;EXPORTAÇÃO;171143391;72104887
01/12/2015;ETANOL HIDRATADO;IMPORTAÇÃO;1;10223
01/01/2016;ETANOL HIDRATADO;IMPORTAÇÃO;1231;9583
01/01/2016;ETANOL ANIDRO;IMPORTAÇÃO;28766363;13572525
01/01/2016;ETANOL ANIDRO;EXPORTAÇÃO;46359072;22874350
01/01/2016;ETANOL HIDRATADO;EXPORTAÇÃO;73399284;32986682
01/02/2016;ETANOL ANIDRO;IMPORTAÇÃO;32953327;14085780
01/02/2016;ETANOL HIDRATADO;EXPORTAÇÃO;192061229;87218423
01/02/2016;ETANOL HIDRATADO;IMPORTAÇÃO;1;14797
01/02/2016;ETANOL ANIDRO;EXPORTAÇÃO;113699;63768557
01/03/2016;ETANOL HIDRATADO;EXPORTAÇÃO;75194772;34167530
01/03/2016;ETANOL ANIDRO;IMPORTAÇÃO;81445389;35309872
01/03/2016;ETANOL ANIDRO;EXPORTAÇÃO;132816124;71913047
01/03/2016;ETANOL HIDRATADO;IMPORTAÇÃO;48;68279
01/04/2016;ETANOL HIDRATADO;IMPORTAÇÃO;25225;98103
01/04/2016;ETANOL HIDRATADO;EXPORTAÇÃO;21283088;10592562
01/04/2016;ETANOL ANIDRO;EXPORTAÇÃO;51026624;28440595
01/04/2016;ETANOL ANIDRO;IMPORTAÇÃO;82799149;34069331
01/05/2016;ETANOL HIDRATADO;EXPORTAÇÃO;59300976;27273899
01/05/2016;ETANOL ANIDRO;EXPORTAÇÃO;60126545;27824721
01/05/2016;ETANOL ANIDRO;IMPORTAÇÃO;37268;16049232
01/05/2016;ETANOL HIDRATADO;IMPORTAÇÃO;48;182954
01/06/2016;ETANOL HIDRATADO;IMPORTAÇÃO;1872;14346
01/06/2016;ETANOL ANIDRO;IMPORTAÇÃO;37670576;17882027
01/06/2016;ETANOL ANIDRO;EXPORTAÇÃO;116791439;51480443
01/06/2016;ETANOL HIDRATADO;EXPORTAÇÃO;141364399;61549981
01/07/2016;ETANOL HIDRATADO;IMPORTAÇÃO;49877;108396
01/07/2016;ETANOL ANIDRO;IMPORTAÇÃO;54968909;27818455
01/07/2016;ETANOL HIDRATADO;EXPORTAÇÃO;94266978;44163999
01/07/2016;ETANOL ANIDRO;EXPORTAÇÃO;125473169;61031166
01/08/2016;ETANOL HIDRATADO;EXPORTAÇÃO;58584587;28598431
01/08/2016;ETANOL ANIDRO;IMPORTAÇÃO;74007333;37756257
01/08/2016;ETANOL HIDRATADO;IMPORTAÇÃO;1;7513
01/08/2016;ETANOL ANIDRO;EXPORTAÇÃO;110414;59457058
01/09/2016;ETANOL HIDRATADO;IMPORTAÇÃO;25016;39994
01/09/2016;ETANOL ANIDRO;EXPORTAÇÃO;19504601;11109733
01/09/2016;ETANOL ANIDRO;IMPORTAÇÃO;52449822;25887538
01/09/2016;ETANOL HIDRATADO;EXPORTAÇÃO;126300867;62740486
01/10/2016;ETANOL HIDRATADO;EXPORTAÇÃO;22454195;12381778
01/10/2016;ETANOL ANIDRO;EXPORTAÇÃO;43868612;27262247
01/10/2016;ETANOL ANIDRO;IMPORTAÇÃO;71982655;34016163
01/10/2016;ETANOL HIDRATADO;IMPORTAÇÃO;25;40681
01/11/2016;ETANOL HIDRATADO;IMPORTAÇÃO;1659;12144
01/11/2016;ETANOL ANIDRO;EXPORTAÇÃO;14293396;9898344
01/11/2016;ETANOL HIDRATADO;EXPORTAÇÃO;20054398;14908410
01/11/2016;ETANOL ANIDRO;IMPORTAÇÃO;137119429;68496883
01/12/2016;ETANOL ANIDRO;EXPORTAÇÃO;14293396;9898344
01/12/2016;ETANOL HIDRATADO;EXPORTAÇÃO;20054398;14908410
01/12/2016;ETANOL ANIDRO;IMPORTAÇÃO;140484525;69137941
01/12/2016;ETANOL HIDRATADO;IMPORTAÇÃO;0;5348
01/01/2017;ETANOL HIDRATADO;IMPORTAÇÃO;24402;31680
01/01/2017;ETANOL HIDRATADO;EXPORTAÇÃO;3195401;2167833
01/01/2017;ETANOL ANIDRO;EXPORTAÇÃO;101382186;69372810
01/01/2017;ETANOL ANIDRO;IMPORTAÇÃO;172451971;85920169
01/02/2017;ETANOL HIDRATADO;EXPORTAÇÃO;709738;586030
01/02/2017;ETANOL ANIDRO;EXPORTAÇÃO;60388737;42904259
01/02/2017;ETANOL ANIDRO;IMPORTAÇÃO;257360695;129522749
01/02/2017;ETANOL HIDRATADO;IMPORTAÇÃO;1;6428
01/03/2017;ETANOL HIDRATADO;IMPORTAÇÃO;25794;35752
01/03/2017;ETANOL HIDRATADO;EXPORTAÇÃO;10026569;6416214
01/03/2017;ETANOL ANIDRO;EXPORTAÇÃO;44316068;28119407
01/03/2017;ETANOL ANIDRO;IMPORTAÇÃO;291210;148753592
01/04/2017;ETANOL HIDRATADO;IMPORTAÇÃO;2792;21568
01/04/2017;ETANOL HIDRATADO;EXPORTAÇÃO;1608946;1794395
01/04/2017;ETANOL ANIDRO;IMPORTAÇÃO;111924258;55073312
01/04/2017;ETANOL ANIDRO;EXPORTAÇÃO;127220428;74131983
01/05/2017;ETANOL HIDRATADO;IMPORTAÇÃO;2226;15596
01/05/2017;ETANOL HIDRATADO;EXPORTAÇÃO;28488489;15224933
01/05/2017;ETANOL ANIDRO;EXPORTAÇÃO;55510986;31270677
01/05/2017;ETANOL ANIDRO;IMPORTAÇÃO;247989285;123301519
01/06/2017;ETANOL HIDRATADO;EXPORTAÇÃO;57218434;29505738
01/06/2017;ETANOL ANIDRO;EXPORTAÇÃO;103546267;56636293
01/06/2017;ETANOL ANIDRO;IMPORTAÇÃO;199476773;98729069
01/06/2017;ETANOL HIDRATADO;IMPORTAÇÃO;0;2890
01/07/2017;ETANOL HIDRATADO;EXPORTAÇÃO;7498163;3944199
01/07/2017;ETANOL ANIDRO;IMPORTAÇÃO;73817036;35417072
01/07/2017;ETANOL ANIDRO;EXPORTAÇÃO;150415029;76650822
01/07/2017;ETANOL HIDRATADO;IMPORTAÇÃO;1;13205
01/08/2017;ETANOL HIDRATADO;IMPORTAÇÃO;29099;121806
01/08/2017;ETANOL HIDRATADO;EXPORTAÇÃO;85618956;41120327
01/08/2017;ETANOL ANIDRO;EXPORTAÇÃO;91610933;48951262
01/08/2017;ETANOL ANIDRO;IMPORTAÇÃO;135294376;64152646
01/09/2017;ETANOL HIDRATADO;IMPORTAÇÃO;50994;136285
01/09/2017;ETANOL ANIDRO;EXPORTAÇÃO;62688003;34874347
01/09/2017;ETANOL HIDRATADO;EXPORTAÇÃO;80989453;40747097
01/09/2017;ETANOL ANIDRO;IMPORTAÇÃO;109867798;52540437
01/10/2017;ETANOL HIDRATADO;IMPORTAÇÃO;4688;30404
01/10/2017;ETANOL HIDRATADO;EXPORTAÇÃO;39457071;19932813
01/10/2017;ETANOL ANIDRO;IMPORTAÇÃO;91164542;43176979
01/10/2017;ETANOL ANIDRO;EXPORTAÇÃO;114597028;68206771
01/11/2017;ETANOL HIDRATADO;EXPORTAÇÃO;40220255;19758297
01/11/2017;ETANOL ANIDRO;IMPORTAÇÃO;50285766;22802629
01/11/2017;ETANOL ANIDRO;EXPORTAÇÃO;94526378;54125808
01/11/2017;ETANOL HIDRATADO;IMPORTAÇÃO;1;3057
01/12/2017;ETANOL HIDRATADO;EXPORTAÇÃO;1283244;1025561
01/12/2017;ETANOL ANIDRO;EXPORTAÇÃO;17636033;39388040
01/12/2017;ETANOL ANIDRO;IMPORTAÇÃO;84656279;37980032
01/12/2017;ETANOL HIDRATADO;IMPORTAÇÃO;1;2991
01/01/2018;ETANOL HIDRATADO;IMPORTAÇÃO;25284;45958
01/01/2018;ETANOL HIDRATADO;EXPORTAÇÃO;49989776;25075488
01/01/2018;ETANOL ANIDRO;EXPORTAÇÃO;71676685;45002806
01/01/2018;ETANOL ANIDRO;IMPORTAÇÃO;164574255;73060194
01/02/2018;ETANOL HIDRATADO;EXPORTAÇÃO;1132127;1032205
01/02/2018;ETANOL ANIDRO;EXPORTAÇÃO;60923591;43483417
01/02/2018;ETANOL ANIDRO;IMPORTAÇÃO;163350274;70278312
01/02/2018;ETANOL HIDRATADO;IMPORTAÇÃO;1;8600
01/03/2018;ETANOL HIDRATADO;IMPORTAÇÃO;11176018;4983006
01/03/2018;ETANOL ANIDRO;EXPORTAÇÃO;47438212;32434659
01/03/2018;ETANOL HIDRATADO;EXPORTAÇÃO;18903;9401975
01/03/2018;ETANOL ANIDRO;IMPORTAÇÃO;314395;130208029
01/04/2018;ETANOL HIDRATADO;IMPORTAÇÃO;4672855;1822546
01/04/2018;ETANOL HIDRATADO;EXPORTAÇÃO;12144352;7064709
01/04/2018;ETANOL ANIDRO;EXPORTAÇÃO;62715275;40334418
01/04/2018;ETANOL ANIDRO;IMPORTAÇÃO;387681583;163659605
01/05/2018;ETANOL ANIDRO;IMPORTAÇÃO;103293634;43148140
01/05/2018;ETANOL HIDRATADO;IMPORTAÇÃO;1;5019
01/05/2018;ETANOL HIDRATADO;EXPORTAÇÃO;14208;7211199
01/05/2018;ETANOL ANIDRO;EXPORTAÇÃO;77365;44110276
01/06/2018;ETANOL HIDRATADO;IMPORTAÇÃO;9247978;3767705
01/06/2018;ETANOL HIDRATADO;EXPORTAÇÃO;49697028;26813169
01/06/2018;ETANOL ANIDRO;IMPORTAÇÃO;59524449;24966625
01/06/2018;ETANOL ANIDRO;EXPORTAÇÃO;82753205;47805600
01/07/2018;ETANOL HIDRATADO;IMPORTAÇÃO;8906868;3628718
01/07/2018;ETANOL ANIDRO;EXPORTAÇÃO;89505054;45650193
01/07/2018;ETANOL ANIDRO;IMPORTAÇÃO;133541913;55115312
01/07/2018;ETANOL HIDRATADO;EXPORTAÇÃO;88914;44242600
01/08/2018;ETANOL HIDRATADO;IMPORTAÇÃO;2483;19995
01/08/2018;ETANOL ANIDRO;IMPORTAÇÃO;47607976;19892661
01/08/2018;ETANOL HIDRATADO;EXPORTAÇÃO;80912706;39303454
01/08/2018;ETANOL ANIDRO;EXPORTAÇÃO;161749284;77766201
01/09/2018;ETANOL ANIDRO;IMPORTAÇÃO;1608192;744959
01/09/2018;ETANOL HIDRATADO;IMPORTAÇÃO;4054781;1718938
01/09/2018;ETANOL ANIDRO;EXPORTAÇÃO;103778667;48483293
01/09/2018;ETANOL HIDRATADO;EXPORTAÇÃO;73264;35889986
01/10/2018;ETANOL HIDRATADO;IMPORTAÇÃO;49644;151864
01/10/2018;ETANOL ANIDRO;IMPORTAÇÃO;47671291;17998322
01/10/2018;ETANOL HIDRATADO;EXPORTAÇÃO;127495427;63267895
01/10/2018;ETANOL ANIDRO;EXPORTAÇÃO;151881998;76300141
01/11/2018;ETANOL HIDRATADO;IMPORTAÇÃO;26181;83354
01/11/2018;ETANOL HIDRATADO;EXPORTAÇÃO;45899871;23476997
01/11/2018;ETANOL ANIDRO;EXPORTAÇÃO;101970008;53375333
01/11/2018;ETANOL ANIDRO;IMPORTAÇÃO;139385;55327065
01/12/2018;ETANOL HIDRATADO;IMPORTAÇÃO;1374;12169
01/12/2018;ETANOL ANIDRO;EXPORTAÇÃO;54796472;28132294
01/12/2018;ETANOL ANIDRO;IMPORTAÇÃO;174533533;72633484
01/12/2018;ETANOL HIDRATADO;EXPORTAÇÃO;52862;25320924
01/01/2019;ETANOL HIDRATADO;EXPORTAÇÃO;49601684;25470400
01/01/2019;ETANOL ANIDRO;EXPORTAÇÃO;55364358;29075903
01/01/2019;ETANOL ANIDRO;IMPORTAÇÃO;155630902;65565051
01/01/2019;ETANOL HIDRATADO;IMPORTAÇÃO;25;45736
01/02/2019;ETANOL HIDRATADO;IMPORTAÇÃO;1662;22580
01/02/2019;ETANOL HIDRATADO;EXPORTAÇÃO;23704952;10972746
01/02/2019;ETANOL ANIDRO;EXPORTAÇÃO;89186139;53012913
01/02/2019;ETANOL ANIDRO;IMPORTAÇÃO;128890;50798050
01/03/2019;ETANOL HIDRATADO;IMPORTAÇÃO;25748;45155
01/03/2019;ETANOL ANIDRO;EXPORTAÇÃO;101929827;55755192
01/03/2019;ETANOL ANIDRO;IMPORTAÇÃO;111639359;44055030
01/03/2019;ETANOL HIDRATADO;EXPORTAÇÃO;27583;13285150
01/04/2019;ETANOL HIDRATADO;IMPORTAÇÃO;1509;5149
01/04/2019;ETANOL HIDRATADO;EXPORTAÇÃO;3970197;2841723
01/04/2019;ETANOL ANIDRO;IMPORTAÇÃO;230719585;92664108
01/04/2019;ETANOL ANIDRO;EXPORTAÇÃO;181;196685
01/05/2019;ETANOL HIDRATADO;IMPORTAÇÃO;22131;44592
01/05/2019;ETANOL HIDRATADO;EXPORTAÇÃO;15894499;8225299
01/05/2019;ETANOL ANIDRO;EXPORTAÇÃO;117730695;60026677
01/05/2019;ETANOL ANIDRO;IMPORTAÇÃO;182461508;74231511
01/06/2019;ETANOL HIDRATADO;EXPORTAÇÃO;42451288;21212166
01/06/2019;ETANOL ANIDRO;IMPORTAÇÃO;85997172;34476484
01/06/2019;ETANOL ANIDRO;EXPORTAÇÃO;128048823;65612135
01/06/2019;ETANOL HIDRATADO;IMPORTAÇÃO;0;1986
01/07/2019;ETANOL HIDRATADO;IMPORTAÇÃO;25849;65475
01/07/2019;ETANOL HIDRATADO;EXPORTAÇÃO;57148087;28789348
01/07/2019;ETANOL ANIDRO;IMPORTAÇÃO;96054335;40068458
01/07/2019;ETANOL ANIDRO;EXPORTAÇÃO;150977598;74879051
01/08/2019;ETANOL HIDRATADO;IMPORTAÇÃO;22653;45958
01/08/2019;ETANOL ANIDRO;IMPORTAÇÃO;84253372;36931008
01/08/2019;ETANOL HIDRATADO;EXPORTAÇÃO;89933136;44781705
01/08/2019;ETANOL ANIDRO;EXPORTAÇÃO;219168973;113434201
01/09/2019;ETANOL HIDRATADO;IMPORTAÇÃO;2427;26785
01/09/2019;ETANOL ANIDRO;IMPORTAÇÃO;66088501;29138352
01/09/2019;ETANOL HIDRATADO;EXPORTAÇÃO;73408549;38045182
01/09/2019;ETANOL ANIDRO;EXPORTAÇÃO;147849;74165518
01/10/2019;ETANOL HIDRATADO;EXPORTAÇÃO;76621936;39480243
01/10/2019;ETANOL ANIDRO;IMPORTAÇÃO;82759915;36144045
01/10/2019;ETANOL ANIDRO;EXPORTAÇÃO;133936442;66144037
01/10/2019;ETANOL HIDRATADO;IMPORTAÇÃO;1;4799
01/11/2019;ETANOL HIDRATADO;IMPORTAÇÃO;2212;19944
01/11/2019;ETANOL ANIDRO;IMPORTAÇÃO;47983019;20203257
01/11/2019;ETANOL HIDRATADO;EXPORTAÇÃO;82823037;42442029
01/11/2019;ETANOL ANIDRO;EXPORTAÇÃO;98667142;49131400
01/12/2019;ETANOL HIDRATADO;IMPORTAÇÃO;4081;16083
01/12/2019;ETANOL ANIDRO;EXPORTAÇÃO;72724402;38533782
01/12/2019;ETANOL ANIDRO;IMPORTAÇÃO;184990148;77804287
01/12/2019;ETANOL HIDRATADO;EXPORTAÇÃO;74090;38210212
01/01/2020;ETANOL HIDRATADO;IMPORTAÇÃO;45689;72384
01/01/2020;ETANOL ANIDRO;EXPORTAÇÃO;38547314;20877088
01/01/2020;ETANOL HIDRATADO;EXPORTAÇÃO;39674243;22202026
01/01/2020;ETANOL ANIDRO;IMPORTAÇÃO;179992492;77663574
01/02/2020;ETANOL HIDRATADO;IMPORTAÇÃO;2911;17989
01/02/2020;ETANOL HIDRATADO;EXPORTAÇÃO;40221237;22890207
01/02/2020;ETANOL ANIDRO;EXPORTAÇÃO;113182008;63493000
01/02/2020;ETANOL ANIDRO;IMPORTAÇÃO;150394;62559055
01/03/2020;ETANOL HIDRATADO;IMPORTAÇÃO;2193;9577
01/03/2020;ETANOL HIDRATADO;EXPORTAÇÃO;22335825;13017053
01/03/2020;ETANOL ANIDRO;EXPORTAÇÃO;47598805;28927864
01/03/2020;ETANOL ANIDRO;IMPORTAÇÃO;276236417;115236146
01/04/2020;ETANOL HIDRATADO;IMPORTAÇÃO;38528;22375
01/04/2020;ETANOL ANIDRO;EXPORTAÇÃO;321496;367626
01/04/2020;ETANOL HIDRATADO;EXPORTAÇÃO;79444196;45460192
01/04/2020;ETANOL ANIDRO;IMPORTAÇÃO;144366404;59288434
01/05/2020;ETANOL HIDRATADO;IMPORTAÇÃO;22411;40557
01/05/2020;ETANOL ANIDRO;IMPORTAÇÃO;42906108;16520044
01/05/2020;ETANOL ANIDRO;EXPORTAÇÃO;67652172;21107218
01/05/2020;ETANOL HIDRATADO;EXPORTAÇÃO;78953256;36088562
01/06/2020;ETANOL HIDRATADO;IMPORTAÇÃO;6855;26537
01/06/2020;ETANOL ANIDRO;IMPORTAÇÃO;27333679;8162547
01/06/2020;ETANOL ANIDRO;EXPORTAÇÃO;145503295;52651712
01/06/2020;ETANOL HIDRATADO;EXPORTAÇÃO;139696;61397676
01/07/2020;ETANOL HIDRATADO;IMPORTAÇÃO;10684;14494
01/07/2020;ETANOL ANIDRO;IMPORTAÇÃO;20521176;8747919
01/07/2020;ETANOL ANIDRO;EXPORTAÇÃO;135750328;60173169
01/07/2020;ETANOL HIDRATADO;EXPORTAÇÃO;166462434;68359864
01/08/2020;ETANOL ANIDRO;IMPORTAÇÃO;13806512;6319942
01/08/2020;ETANOL HIDRATADO;EXPORTAÇÃO;159390983;68279469
01/08/2020;ETANOL ANIDRO;EXPORTAÇÃO;173468298;68391644
01/08/2020;ETANOL HIDRATADO;IMPORTAÇÃO;12;33484
01/09/2020;ETANOL HIDRATADO;IMPORTAÇÃO;3311;16138
01/09/2020;ETANOL ANIDRO;IMPORTAÇÃO;10540551;3783364
01/09/2020;ETANOL ANIDRO;EXPORTAÇÃO;105424381;42934153
01/09/2020;ETANOL HIDRATADO;EXPORTAÇÃO;183185;77860450
01/10/2020;ETANOL HIDRATADO;IMPORTAÇÃO;1452;5456
01/10/2020;ETANOL ANIDRO;IMPORTAÇÃO;19554438;7232659
01/10/2020;ETANOL HIDRATADO;EXPORTAÇÃO;171400;78059474
01/10/2020;ETANOL ANIDRO;EXPORTAÇÃO;207798;87291399
01/11/2020;ETANOL HIDRATADO;IMPORTAÇÃO;1113966;18391
01/11/2020;ETANOL ANIDRO;IMPORTAÇÃO;26960748;10684859
01/11/2020;ETANOL ANIDRO;EXPORTAÇÃO;155870095;66512622
01/11/2020;ETANOL HIDRATADO;EXPORTAÇÃO;157243632;73784936
01/12/2020;ETANOL ANIDRO;EXPORTAÇÃO;19183633;9716565
01/12/2020;ETANOL ANIDRO;IMPORTAÇÃO;95960517;39771315
01/12/2020;ETANOL HIDRATADO;EXPORTAÇÃO;220666075;101678667
01/12/2020;ETANOL HIDRATADO;IMPORTAÇÃO;0;2234
01/01/2021;ETANOL HIDRATADO;IMPORTAÇÃO;5538;315480
01/01/2021;ETANOL ANIDRO;EXPORTAÇÃO;68974778;32693119
01/01/2021;ETANOL ANIDRO;IMPORTAÇÃO;77408709;33308992
01/01/2021;ETANOL HIDRATADO;EXPORTAÇÃO;120211351;53253610
01/02/2021;ETANOL ANIDRO;EXPORTAÇÃO;35868317;17515311
01/02/2021;ETANOL ANIDRO;IMPORTAÇÃO;51618704;23207780
01/02/2021;ETANOL HIDRATADO;EXPORTAÇÃO;119100101;53144628
01/02/2021;ETANOL HIDRATADO;IMPORTAÇÃO;1;11503
01/03/2021;ETANOL HIDRATADO;IMPORTAÇÃO;5694;17842
01/03/2021;ETANOL ANIDRO;IMPORTAÇÃO;49722742;23638485
01/03/2021;ETANOL HIDRATADO;EXPORTAÇÃO;174106635;79734359
01/03/2021;ETANOL ANIDRO;EXPORTAÇÃO;15448;9364455
01/04/2021;ETANOL HIDRATADO;IMPORTAÇÃO;4275;30848
01/04/2021;ETANOL ANIDRO;EXPORTAÇÃO;17049873;8612952
01/04/2021;ETANOL ANIDRO;IMPORTAÇÃO;18019529;8755889
01/04/2021;ETANOL HIDRATADO;EXPORTAÇÃO;88277762;43922971
01/05/2021;ETANOL HIDRATADO;IMPORTAÇÃO;4114;32382
01/05/2021;ETANOL ANIDRO;IMPORTAÇÃO;15058772;8136082
01/05/2021;ETANOL HIDRATADO;EXPORTAÇÃO;16954616;10872040
01/05/2021;ETANOL ANIDRO;EXPORTAÇÃO;48801452;26623427
01/06/2021;ETANOL HIDRATADO;IMPORTAÇÃO;5828;19878
01/06/2021;ETANOL ANIDRO;IMPORTAÇÃO;15056409;7446848
01/06/2021;ETANOL ANIDRO;EXPORTAÇÃO;102329986;55165276
01/06/2021;ETANOL HIDRATADO;EXPORTAÇÃO;189334;101055156
01/07/2021;ETANOL HIDRATADO;IMPORTAÇÃO;2767;24963
01/07/2021;ETANOL ANIDRO;IMPORTAÇÃO;15065247;7456849
01/07/2021;ETANOL ANIDRO;EXPORTAÇÃO;79156426;45292845
01/07/2021;ETANOL HIDRATADO;EXPORTAÇÃO;128957601;67970103
01/08/2021;ETANOL HIDRATADO;IMPORTAÇÃO;1038;6409
01/08/2021;ETANOL ANIDRO;IMPORTAÇÃO;18048678;12266595
01/08/2021;ETANOL ANIDRO;EXPORTAÇÃO;40132364;19605079
01/08/2021;ETANOL HIDRATADO;EXPORTAÇÃO;44045;23957798
01/09/2021;ETANOL HIDRATADO;IMPORTAÇÃO;3721;10799
01/09/2021;ETANOL ANIDRO;IMPORTAÇÃO;46571;72396
01/09/2021;ETANOL ANIDRO;EXPORTAÇÃO;32197555;22671241
01/09/2021;ETANOL HIDRATADO;EXPORTAÇÃO;160996946;94075183
01/10/2021;ETANOL ANIDRO;IMPORTAÇÃO;14020094;10227584
01/10/2021;ETANOL ANIDRO;EXPORTAÇÃO;58981833;41093129
01/10/2021;ETANOL HIDRATADO;EXPORTAÇÃO;103728365;57243921
01/10/2021;ETANOL HIDRATADO;IMPORTAÇÃO;1;10484
01/11/2021;ETANOL HIDRATADO;IMPORTAÇÃO;125405;38382
01/11/2021;ETANOL ANIDRO;EXPORTAÇÃO;28728549;22179454
01/11/2021;ETANOL ANIDRO;IMPORTAÇÃO;62251202;38963990
01/11/2021;ETANOL HIDRATADO;EXPORTAÇÃO;77449541;46484751
01/12/2021;ETANOL HIDRATADO;IMPORTAÇÃO;1625;9429
01/12/2021;ETANOL ANIDRO;EXPORTAÇÃO;86032813;61252170
01/12/2021;ETANOL ANIDRO;IMPORTAÇÃO;95782746;52474668
01/12/2021;ETANOL HIDRATADO;EXPORTAÇÃO;111315405;67357006
01/01/2022;ETANOL HIDRATADO;IMPORTAÇÃO;266234;65581
01/01/2022;ETANOL ANIDRO;IMPORTAÇÃO;22435703;14746723
01/01/2022;ETANOL ANIDRO;EXPORTAÇÃO;42362083;27807243
01/01/2022;ETANOL HIDRATADO;EXPORTAÇÃO;59803;40263028
01/02/2022;ETANOL ANIDRO;EXPORTAÇÃO;12169882;9239404
01/02/2022;ETANOL HIDRATADO;EXPORTAÇÃO;60732663;42169229
01/02/2022;ETANOL ANIDRO;IMPORTAÇÃO;68694805;38747113
01/02/2022;ETANOL HIDRATADO;IMPORTAÇÃO;1;4691
01/03/2022;ETANOL HIDRATADO;IMPORTAÇÃO;2732;29269
01/03/2022;ETANOL ANIDRO;IMPORTAÇÃO;35148157;20337963
01/03/2022;ETANOL ANIDRO;EXPORTAÇÃO;46812212;34386232
01/03/2022;ETANOL HIDRATADO;EXPORTAÇÃO;130404;86269533
01/04/2022;ETANOL HIDRATADO;EXPORTAÇÃO;43247281;29038056
01/04/2022;ETANOL ANIDRO;EXPORTAÇÃO;75143194;55815405
01/04/2022;ETANOL HIDRATADO;IMPORTAÇÃO;1;2650
01/04/2022;ETANOL ANIDRO;IMPORTAÇÃO;4081;2786939
01/05/2022;ETANOL HIDRATADO;IMPORTAÇÃO;3792;13507
01/05/2022;ETANOL HIDRATADO;EXPORTAÇÃO;12133526;8857439
01/05/2022;ETANOL ANIDRO;EXPORTAÇÃO;62308103;49578476
01/05/2022;ETANOL ANIDRO;IMPORTAÇÃO;109543179;74725011
01/06/2022;ETANOL HIDRATADO;IMPORTAÇÃO;1704;17253
01/06/2022;ETANOL HIDRATADO;EXPORTAÇÃO;67459012;48009518
01/06/2022;ETANOL ANIDRO;EXPORTAÇÃO;143645698;112081527
01/06/2022;ETANOL ANIDRO;IMPORTAÇÃO;20420;15391492
01/07/2022;ETANOL HIDRATADO;IMPORTAÇÃO;1789;20587
01/07/2022;ETANOL ANIDRO;IMPORTAÇÃO;20072793;14571819
01/07/2022;ETANOL ANIDRO;EXPORTAÇÃO;88907852;65010026
01/07/2022;ETANOL HIDRATADO;EXPORTAÇÃO;90789431;68893873
01/08/2022;ETANOL HIDRATADO;IMPORTAÇÃO;2406;26061
01/08/2022;ETANOL ANIDRO;IMPORTAÇÃO;34571;72921
01/08/2022;ETANOL HIDRATADO;EXPORTAÇÃO;111161002;83110820
01/08/2022;ETANOL ANIDRO;EXPORTAÇÃO;164596631;127055977
01/09/2022;ETANOL HIDRATADO;IMPORTAÇÃO;4727;13299
01/09/2022;ETANOL ANIDRO;IMPORTAÇÃO;5082;21845
01/09/2022;ETANOL ANIDRO;EXPORTAÇÃO;184145188;126874804
01/09/2022;ETANOL HIDRATADO;EXPORTAÇÃO;119529;87692115
01/10/2022;ETANOL HIDRATADO;EXPORTAÇÃO;145870079;109086595
01/10/2022;ETANOL ANIDRO;EXPORTAÇÃO;209732423;144430725
01/10/2022;ETANOL HIDRATADO;IMPORTAÇÃO;0;4041
01/10/2022;ETANOL ANIDRO;IMPORTAÇÃO;8066;5590456
01/11/2022;ETANOL ANIDRO;IMPORTAÇÃO;12067878;7427776
01/11/2022;ETANOL HIDRATADO;EXPORTAÇÃO;87052812;57461888
01/11/2022;ETANOL ANIDRO;EXPORTAÇÃO;165725;105008790
01/11/2022;ETANOL HIDRATADO;IMPORTAÇÃO;3;6391
01/12/2022;ETANOL ANIDRO;IMPORTAÇÃO;14998805;9510920
01/12/2022;ETANOL ANIDRO;EXPORTAÇÃO;153684067;111600478
01/12/2022;ETANOL HIDRATADO;EXPORTAÇÃO;162471549;109358775
01/12/2022;ETANOL HIDRATADO;IMPORTAÇÃO;1;13364
01/01/2023;ETANOL ANIDRO;IMPORTAÇÃO;4995949;3115481
01/01/2023;ETANOL HIDRATADO;EXPORTAÇÃO;118256583;83504529
01/01/2023;ETANOL ANIDRO;EXPORTAÇÃO;138031529;100429936
01/01/2023;ETANOL HIDRATADO;IMPORTAÇÃO;4;10856
01/02/2023;ETANOL ANIDRO;IMPORTAÇÃO;10029201;6253482
01/02/2023;ETANOL HIDRATADO;EXPORTAÇÃO;55422654;37885433
01/02/2023;ETANOL ANIDRO;EXPORTAÇÃO;71007506;51827896
01/02/2023;ETANOL HIDRATADO;IMPORTAÇÃO;0;2131
01/03/2023;ETANOL ANIDRO;IMPORTAÇÃO;10097783;6363883
01/03/2023;ETANOL ANIDRO;EXPORTAÇÃO;50155063;34961434
01/03/2023;ETANOL HIDRATADO;EXPORTAÇÃO;145803924;101922540
01/03/2023;ETANOL HIDRATADO;IMPORTAÇÃO;1;6606
01/04/2023;ETANOL HIDRATADO;IMPORTAÇÃO;4397;21044
01/04/2023;ETANOL ANIDRO;IMPORTAÇÃO;20081283;12758867
01/04/2023;ETANOL HIDRATADO;EXPORTAÇÃO;136571808;91711510
01/04/2023;ETANOL ANIDRO;EXPORTAÇÃO;63918;44741782
01/05/2023;ETANOL HIDRATADO;IMPORTAÇÃO;1511;6535
01/05/2023;ETANOL ANIDRO;IMPORTAÇÃO;11349;37307
01/05/2023;ETANOL ANIDRO;EXPORTAÇÃO;30407654;22216189
01/05/2023;ETANOL HIDRATADO;EXPORTAÇÃO;61831333;40107248
01/06/2023;ETANOL HIDRATADO;IMPORTAÇÃO;4854;34735
01/06/2023;ETANOL ANIDRO;IMPORTAÇÃO;34544;69899
01/06/2023;ETANOL HIDRATADO;EXPORTAÇÃO;12765073;9511527
01/06/2023;ETANOL ANIDRO;EXPORTAÇÃO;56291598;40791707
01/07/2023;ETANOL ANIDRO;IMPORTAÇÃO;66617;94282
01/07/2023;ETANOL HIDRATADO;EXPORTAÇÃO;134593018;84864108
01/07/2023;ETANOL HIDRATADO;IMPORTAÇÃO;1;7439
01/07/2023;ETANOL ANIDRO;EXPORTAÇÃO;168708;108305943
01/08/2023;ETANOL HIDRATADO;IMPORTAÇÃO;4163;17881
01/08/2023;ETANOL ANIDRO;IMPORTAÇÃO;80366;103381
01/08/2023;ETANOL ANIDRO;EXPORTAÇÃO;77868492;52979860
01/08/2023;ETANOL HIDRATADO;EXPORTAÇÃO;166598243;99774254
01/09/2023;ETANOL HIDRATADO;IMPORTAÇÃO;4635;47751
01/09/2023;ETANOL ANIDRO;IMPORTAÇÃO;33661;56576
01/09/2023;ETANOL ANIDRO;EXPORTAÇÃO;138739418;87205673
01/09/2023;ETANOL HIDRATADO;EXPORTAÇÃO;154705694;90894842
01/10/2023;ETANOL ANIDRO;IMPORTAÇÃO;10059916;6174751
01/10/2023;ETANOL ANIDRO;EXPORTAÇÃO;100839019;58596625
01/10/2023;ETANOL HIDRATADO;EXPORTAÇÃO;131399233;78555706
01/10/2023;ETANOL HIDRATADO;IMPORTAÇÃO;1;12278
01/11/2023;ETANOL ANIDRO;IMPORTAÇÃO;4050699;2491125
01/11/2023;ETANOL ANIDRO;EXPORTAÇÃO;80266449;46012925
01/11/2023;ETANOL HIDRATADO;EXPORTAÇÃO;113552084;66857431
01/11/2023;ETANOL HIDRATADO;IMPORTAÇÃO;1;4659
01/12/2023;ETANOL HIDRATADO;IMPORTAÇÃO;3131;22738
01/12/2023;ETANOL ANIDRO;IMPORTAÇÃO;42402;95553
01/12/2023;ETANOL HIDRATADO;EXPORTAÇÃO;85533846;50174697
01/12/2023;ETANOL ANIDRO;EXPORTAÇÃO;217101971;124128810
01/01/2024;ETANOL HIDRATADO;IMPORTAÇÃO;1778;6459
01/01/2024;ETANOL ANIDRO;IMPORTAÇÃO;6063818;3722457
01/01/2024;ETANOL ANIDRO;EXPORTAÇÃO;62416253;35735133
01/01/2024;ETANOL HIDRATADO;EXPORTAÇÃO;189763695;109286404
01/02/2024;ETANOL HIDRATADO;IMPORTAÇÃO;5106;20273
01/02/2024;ETANOL ANIDRO;IMPORTAÇÃO;28007;69942
01/02/2024;ETANOL ANIDRO;EXPORTAÇÃO;40478393;19821042
01/02/2024;ETANOL HIDRATADO;EXPORTAÇÃO;101589;53025171
01/03/2024;ETANOL HIDRATADO;IMPORTAÇÃO;5056;15131
01/03/2024;ETANOL ANIDRO;IMPORTAÇÃO;68528;83210
01/03/2024;ETANOL HIDRATADO;EXPORTAÇÃO;129862822;69610988
01/03/2024;ETANOL ANIDRO;EXPORTAÇÃO;82818;44423726
01/04/2024;ETANOL HIDRATADO;IMPORTAÇÃO;96384;52266
01/04/2024;ETANOL ANIDRO;IMPORTAÇÃO;46331159;21808323
01/04/2024;ETANOL ANIDRO;EXPORTAÇÃO;52963487;27890329
01/04/2024;ETANOL HIDRATADO;EXPORTAÇÃO;105563682;60426772
01/05/2024;ETANOL HIDRATADO;IMPORTAÇÃO;7214;41922
01/05/2024;ETANOL ANIDRO;IMPORTAÇÃO;58128693;27387969
01/05/2024;ETANOL HIDRATADO;EXPORTAÇÃO;76442996;44126063
01/05/2024;ETANOL ANIDRO;EXPORTAÇÃO;90872;48556788
01/06/2024;ETANOL ANIDRO;IMPORTAÇÃO;56803;86262
01/06/2024;ETANOL HIDRATADO;IMPORTAÇÃO;85339;18785
01/06/2024;ETANOL ANIDRO;EXPORTAÇÃO;28210853;16575206
01/06/2024;ETANOL HIDRATADO;EXPORTAÇÃO;48380925;28044797
01/07/2024;ETANOL HIDRATADO;IMPORTAÇÃO;167547;76456
01/07/2024;ETANOL ANIDRO;IMPORTAÇÃO;291548;163894
01/07/2024;ETANOL HIDRATADO;EXPORTAÇÃO;58617818;32422242
01/07/2024;ETANOL ANIDRO;EXPORTAÇÃO;75183692;41185909
01/08/2024;ETANOL HIDRATADO;IMPORTAÇÃO;181875;34211
01/08/2024;ETANOL ANIDRO;IMPORTAÇÃO;716486;340335
01/08/2024;ETANOL ANIDRO;EXPORTAÇÃO;64693052;39401985
01/08/2024;ETANOL HIDRATADO;EXPORTAÇÃO;95682489;54335019
01/09/2024;ETANOL HIDRATADO;IMPORTAÇÃO;350887;76662
01/09/2024;ETANOL ANIDRO;IMPORTAÇÃO;6193815;3324035
01/09/2024;ETANOL ANIDRO;EXPORTAÇÃO;32124563;19470546
01/09/2024;ETANOL HIDRATADO;EXPORTAÇÃO;128846244;71376102
01/10/2024;ETANOL HIDRATADO;IMPORTAÇÃO;103252;45090
01/10/2024;ETANOL ANIDRO;IMPORTAÇÃO;25329259;13689665
01/10/2024;ETANOL ANIDRO;EXPORTAÇÃO;31828051;17616795
01/10/2024;ETANOL HIDRATADO;EXPORTAÇÃO;173545389;94840735
01/11/2024;ETANOL HIDRATADO;IMPORTAÇÃO;119129;43923
01/11/2024;ETANOL ANIDRO;IMPORTAÇÃO;7435386;3531047
01/11/2024;ETANOL ANIDRO;EXPORTAÇÃO;49325474;29350001
01/11/2024;ETANOL HIDRATADO;EXPORTAÇÃO;55740;33762611
01/12/2024;ETANOL HIDRATADO;IMPORTAÇÃO;193908;40640
01/12/2024;ETANOL ANIDRO;IMPORTAÇÃO;42618186;19527239
01/12/2024;ETANOL HIDRATADO;EXPORTAÇÃO;108760234;59629644
01/12/2024;ETANOL ANIDRO;EXPORTAÇÃO;486;503342
01/01/2025;ETANOL HIDRATADO;IMPORTAÇÃO;215748;106964
01/01/2025;ETANOL ANIDRO;IMPORTAÇÃO;21074067;9801677
01/01/2025;ETANOL ANIDRO;EXPORTAÇÃO;53548807;32734896
01/01/2025;ETANOL HIDRATADO;EXPORTAÇÃO;126758936;69915362
01/02/2025;ETANOL HIDRATADO;EXPORTAÇÃO;16402341;12099163
01/02/2025;ETANOL ANIDRO;IMPORTAÇÃO;43643517;20059848
01/02/2025;ETANOL ANIDRO;EXPORTAÇÃO;23264;14999813
01/02/2025;ETANOL HIDRATADO;IMPORTAÇÃO;50;45500
01/03/2025;ETANOL HIDRATADO;IMPORTAÇÃO;30032;60054
01/03/2025;ETANOL ANIDRO;IMPORTAÇÃO;46034;66625
01/03/2025;ETANOL ANIDRO;EXPORTAÇÃO;35887688;22823123
01/03/2025;ETANOL HIDRATADO;EXPORTAÇÃO;194635307;107838094
01/04/2025;ETANOL ANIDRO;EXPORTAÇÃO;33352371;22327711
01/04/2025;ETANOL HIDRATADO;EXPORTAÇÃO;42571721;25747082
01/04/2025;ETANOL HIDRATADO;IMPORTAÇÃO;0;3270
01/04/2025;ETANOL ANIDRO;IMPORTAÇÃO;42441;21412826
01/05/2025;ETANOL HIDRATADO;IMPORTAÇÃO;131137;45361
01/05/2025;ETANOL ANIDRO;EXPORTAÇÃO;33186638;21312323
01/05/2025;ETANOL ANIDRO;IMPORTAÇÃO;42497716;21096168
01/05/2025;ETANOL HIDRATADO;EXPORTAÇÃO;46005411;25291892
01/06/2025;ETANOL HIDRATADO;IMPORTAÇÃO;4466;50333
01/06/2025;ETANOL ANIDRO;IMPORTAÇÃO;4527;35985
01/06/2025;ETANOL ANIDRO;EXPORTAÇÃO;36128486;25109630
01/06/2025;ETANOL HIDRATADO;EXPORTAÇÃO;95572122;52533325
01/07/2025;ETANOL HIDRATADO;IMPORTAÇÃO;5938;21893
01/07/2025;ETANOL ANIDRO;IMPORTAÇÃO;22022631;11125888
01/07/2025;ETANOL ANIDRO;EXPORTAÇÃO;27344831;14109981
01/07/2025;ETANOL HIDRATADO;EXPORTAÇÃO;121428442;65283455
01/08/2025;ETANOL ANIDRO;IMPORTAÇÃO;35018032;16875168
01/08/2025;ETANOL ANIDRO;EXPORTAÇÃO;65917758;38158948
01/08/2025;ETANOL HIDRATADO;EXPORTAÇÃO;110343051;59063298
01/08/2025;ETANOL HIDRATADO;IMPORTAÇÃO;60;38338
01/09/2025;ETANOL HIDRATADO;IMPORTAÇÃO;1436;51850
01/09/2025;ETANOL ANIDRO;EXPORTAÇÃO;14830379;14268985
01/09/2025;ETANOL ANIDRO;IMPORTAÇÃO;64095344;33859432
01/09/2025;ETANOL HIDRATADO;EXPORTAÇÃO;241377864;127216652
